<?xml version="1.0" encoding="UTF-8"?>
<beans xmlns="http://www.springframework.org/schema/beans"
       xmlns:xsi="http://www.w3.org/2001/XMLSchema-instance"
       xmlns:tx="http://www.springframework.org/schema/tx"
       xmlns:p="http://www.springframework.org/schema/p"
       xmlns:aop="http://www.springframework.org/schema/aop"
       xsi:schemaLocation="http://www.springframework.org/schema/beans
							http://www.springframework.org/schema/beans/spring-beans.xsd
							http://www.springframework.org/schema/tx
							http://www.springframework.org/schema/tx/spring-tx.xsd
							http://www.springframework.org/schema/aop
							http://www.springframework.org/schema/aop/spring-aop.xsd">

    <bean id="dataSource" class="com.alibaba.druid.pool.DruidDataSource"
          init-method="init" destroy-method="close">

        <property name="driverClassName" value="${jdbc.driverClassName}"/>
        <property name="connectionProperties" value="druid.stat.slowSqlMillis=2000;druid.stat.logSlowSql=true"/>

        <!-- 基本属性 url、user、password -->
        <property name="url" value="${jdbc.url}" />
        <property name="username" value="${jdbc.username}" />
        <property name="password" value="${jdbc.password}" />

        <!-- 配置初始化大小、最小、最大 -->
        <property name="initialSize" value="20" />
        <property name="minIdle" value="20" />
        <property name="maxActive" value="50" />

        <!-- 配置获取连接等待超时的时间 -->
        <property name="maxWait" value="60000" />

        <!-- 配置间隔多久才进行一次检测，检测需要关闭的空闲连接，单位是毫秒 -->
        <property name="timeBetweenEvictionRunsMillis" value="60000" />

        <!-- 配置一个连接在池中最小生存的时间，单位是毫秒 -->
        <property name="minEvictableIdleTimeMillis" value="300000" />

        <property name="validationQuery" value="select 1" />
        <property name="testWhileIdle" value="true" />
        <property name="testOnBorrow" value="false" />
        <property name="testOnReturn" value="false" />

        <!-- 打开PSCache，并且指定每个连接上PSCache的大小 MySQL没用-->
        <property name="poolPreparedStatements" value="false" />
        <property name="maxPoolPreparedStatementPerConnectionSize" value="-1" />

        <!-- 配置监控统计拦截的filters -->
        <property name="filters" value="stat,slf4j" />
    </bean>

    <bean id="sqlSessionFactory" class="org.mybatis.spring.SqlSessionFactoryBean"
          p:dataSource-ref="dataSource" p:configLocation="classpath:config/mybatis/mybatis-configuration.xml"/>

    <bean id="sqlSessionTemplate" class="org.mybatis.spring.SqlSessionTemplate">
        <constructor-arg index="0" ref="sqlSessionFactory"/>
    </bean>

    <bean id="transactionManager"
          class="org.springframework.jdbc.datasource.DataSourceTransactionManager">
        <property name="dataSource" ref="dataSource"/>
    </bean>

    <tx:advice id="txAdvice" transaction-manager="transactionManager">
        <tx:attributes>
            <tx:method name="query*" read-only="true"/>
            <tx:method name="update*" propagation="REQUIRED" rollback-for="Exception" />
            <tx:method name="delete*" propagation="REQUIRED" rollback-for="Exception" />
            <!-- <tx:method name="insert*" propagation="REQUIRED" rollback-for="Exception" /> -->
            <tx:method name="save*"   propagation="REQUIRED" rollback-for="Exception" />
            <!--<tx:method name="insertInvoiceInfoBusiness" propagation="REQUIRED" rollback-for="Exception" />-->
        </tx:attributes>
    </tx:advice>

    <aop:aspectj-autoproxy/>
    <!-- 通过AOP实现横向切入 -->
    <aop:config>
        <aop:advisor pointcut="execution(* com.aisino.domain.*.*(..))" advice-ref="txAdvice"/>
    </aop:config>
</beans>