<?xml version="1.0" encoding="UTF-8"?>
<beans xmlns="http://www.springframework.org/schema/beans"
       xmlns:xsi="http://www.w3.org/2001/XMLSchema-instance"
       xmlns:context="http://www.springframework.org/schema/context"
       xmlns:rabbit="http://www.springframework.org/schema/rabbit"
       xmlns:p="http://www.springframework.org/schema/p"
       xsi:schemaLocation="http://www.springframework.org/schema/beans
							http://www.springframework.org/schema/beans/spring-beans.xsd
						 	http://www.springframework.org/schema/rabbit
                            http://www.springframework.org/schema/rabbit/spring-rabbit-1.3.xsd">

    <rabbit:connection-factory id="rabbitConnectionFactory"
                               host="${rabbitmq_server_ip}"
                               port="${rabbitmq_server_port}"
                               channel-cache-size="${rabbitmq_server_channel_size}"
                               username="${rabbitmq_server_username}"
                               password="${rabbitmq_server_password}"/>
	<!-- <rabbit:connection-factory id="rabbitConnectionFactory"
                               host="192.168.15.107"
                               port="5672"
                               channel-cache-size="1"
                               username="admin"
                               password="htxx51fpmq"/> -->
    <bean id="rabbitTxManager"
          class="org.springframework.amqp.rabbit.transaction.RabbitTransactionManager"
          p:connectionFactory-ref="rabbitConnectionFactory"/>

    <bean id="jsonMessageConverter" class="org.springframework.amqp.support.converter.JsonMessageConverter"/>

    <rabbit:template id="amqpTemplate" connection-factory="rabbitConnectionFactory"
                     message-converter="jsonMessageConverter"/>

    <bean id="taskExecutor"
          class="org.springframework.scheduling.concurrent.ThreadPoolTaskExecutor">
        <!-- 核心线程数 -->
        <property name="corePoolSize" value="600" />
        <!-- 线程池维护线程所允许的空闲时间 -->
        <property name="keepAliveSeconds" value="200" />
        <!-- 最大线程数 -->
        <property name="maxPoolSize" value="650" />
        <!-- 队列最大长度 -->
        <property name="queueCapacity" value="25" />
    </bean>

</beans>