<?xml version="1.0" encoding="UTF-8"?>
<beans xmlns="http://www.springframework.org/schema/beans"
       xmlns:xsi="http://www.w3.org/2001/XMLSchema-instance"
       xsi:schemaLocation="http://www.springframework.org/schema/beans http://www.springframework.org/schema/beans/spring-beans.xsd">


    <!--<bean id="zkScheduleManager" class="cn.uncode.schedule.ZKScheduleManager"
          init-method="init">
        <property name="zkConfig">
            <map>
                &lt;!&ndash; <entry key="zkConnectString" value="${zookeeper.cluster.ip}" />
                <entry key="rootPath" value="/schedule/51IMFD" />
                <entry key="zkSessionTimeout" value="60000" />
                <entry key="userName" value="51IMFD" />
                <entry key="password" value="aisino@123" />
                <entry key="autoRegisterTask" value="true" /> &ndash;&gt;

                <entry key="zkConnectString" value="${zk.IpPort}"/>
                <entry key="rootPath" value="${zk.rootPath}"/>
                <entry key="zkSessionTimeout" value="${zk.zkSessionTimeout}"/>
                <entry key="userName" value="${zk.userName}"/>
                <entry key="password" value="${zk.password}"/>
                <entry key="autoRegisterTask" value="${zk.autoRegisterTask}"/>
            </map>
        </property>
    </bean>-->

    <bean id="republishTask" class="com.aisino.domain.task.RepublishTask"></bean>


    <bean id="republishTaskJob" class="org.springframework.scheduling.quartz.MethodInvokingJobDetailFactoryBean">
        <property name="targetObject" ref="republishTask"/>
        <property name="targetMethod"
                  value="execute"/>
        <property name="concurrent" value="false"/>
    </bean>
    <bean
            id="republishTaskJobTrigger" class="org.springframework.scheduling.quartz.CronTriggerFactoryBean">
        <property name="jobDetail" ref="republishTaskJob"></property>
        <property name="cronExpression"
                  value="0/5 * * * * ?"></property>
    </bean>
    <bean class="org.springframework.scheduling.quartz.SchedulerFactoryBean">
        <property name="quartzProperties">
            <props>
                <prop key="org.quartz.scheduler.instanceName">qmsQuartzScheduler</prop>
                <prop key="org.quartz.scheduler.instanceId">AUTO</prop>
                <prop key="org.quartz.threadPool.threadCount">3</prop>
                <prop key="org.quartz.scheduler.skipUpdateCheck">true</prop>
            </props>
        </property>
        <property name="triggers">
            <list>
                <ref bean="republishTaskJobTrigger"/>
            </list>
        </property>
    </bean>

</beans>